Sun Dec 25 18:50:41 2022 | Ольга Хлебникова | 477820435 | привет | None
Sun Dec 25 18:50:56 2022 | Ольга Хлебникова | 477820435 | start | None
Sun Dec 25 18:51:00 2022 | Ольга Хлебникова | 477820435 | /help | []
Sun Dec 25 18:51:21 2022 | Ольга Хлебникова | 477820435 | /time | []
Sun Dec 25 18:51:25 2022 | Ольга Хлебникова | 477820435 | /help | []
Sun Dec 25 18:51:28 2022 | Ольга Хлебникова | 477820435 | /sum | []
Sun Dec 25 18:51:33 2022 | Ольга Хлебникова | 477820435 | /sum | []
Sun Dec 25 18:51:39 2022 | Ольга Хлебникова | 477820435 | sum | None
Sun Dec 25 18:51:46 2022 | Ольга Хлебникова | 477820435 | /sum | []
Sun Dec 25 18:53:07 2022 | Ольга Хлебникова | 477820435 | sum | None
Sun Dec 25 18:53:13 2022 | Ольга Хлебникова | 477820435 | prod | None
Sun Dec 25 18:53:20 2022 | Ольга Хлебникова | 477820435 | /prod | []
Sun Dec 25 18:54:41 2022 | Ольга Хлебникова | 477820435 | привет | None
Sun Dec 25 18:54:55 2022 | Ольга Хлебникова | 477820435 | help | None
Sun Dec 25 18:54:58 2022 | Ольга Хлебникова | 477820435 | /help | []
Sun Dec 25 18:55:01 2022 | Ольга Хлебникова | 477820435 | /div | []
Sun Dec 25 18:55:04 2022 | Ольга Хлебникова | 477820435 | /sqrt | []
Sun Dec 25 18:55:08 2022 | Ольга Хлебникова | 477820435 | /time | []
Sun Dec 25 18:59:31 2022 | Ольга Хлебникова | 477820435 | /hello | []
Sun Dec 25 18:59:36 2022 | Ольга Хлебникова | 477820435 | /time | []
Sun Dec 25 18:59:40 2022 | Ольга Хлебникова | 477820435 | /sum | []
Sun Dec 25 20:16:55 2022 | Ольга Хлебникова | 477820435 | /help | []
Sun Dec 25 20:17:09 2022 | Ольга Хлебникова | 477820435 | /sum | []
Sun Dec 25 20:17:20 2022 | Ольга Хлебникова | 477820435 | 123 | None
Sun Dec 25 20:17:29 2022 | Ольга Хлебникова | 477820435 | /sum | []
Sun Dec 25 20:17:55 2022 | Ольга Хлебникова | 477820435 | 123 145 | None
Sun Dec 25 20:18:46 2022 | Ольга Хлебникова | 477820435 | /sum | []
Sun Dec 25 20:18:55 2022 | Ольга Хлебникова | 477820435 | 100.200 | None
Sun Dec 25 20:19:17 2022 | Ольга Хлебникова | 477820435 | /suv | None
Sun Dec 25 20:19:20 2022 | Ольга Хлебникова | 477820435 | /help | []
Sun Dec 25 20:19:21 2022 | Ольга Хлебникова | 477820435 | /sum | []
Sun Dec 25 20:19:32 2022 | Ольга Хлебникова | 477820435 | 100 100 | None
Sun Dec 25 20:19:56 2022 | Ольга Хлебникова | 477820435 | /sum | []
Sun Dec 25 20:21:00 2022 | Ольга Хлебникова | 477820435 | /sum | []
Sun Dec 25 20:21:05 2022 | Ольга Хлебникова | 477820435 | 100 100 | None
Sun Dec 25 20:27:10 2022 | Ольга Хлебникова | 477820435 | привет | None
Sun Dec 25 20:27:21 2022 | Ольга Хлебникова | 477820435 | /рудз | None
Sun Dec 25 20:27:24 2022 | Ольга Хлебникова | 477820435 | /help | []
Sun Dec 25 20:27:27 2022 | Ольга Хлебникова | 477820435 | /sum | []
Sun Dec 25 20:27:55 2022 | Ольга Хлебникова | 477820435 | /sum 100 100 | ['100', '100']
Sun Dec 25 20:35:33 2022 | Ольга Хлебникова | 477820435 | /sum 5 5 | ['5', '5']
Sun Dec 25 20:35:40 2022 | Ольга Хлебникова | 477820435 | /sub | []
Sun Dec 25 20:35:58 2022 | Ольга Хлебникова | 477820435 | /diff 56 5 | None
Sun Dec 25 20:36:04 2022 | Ольга Хлебникова | 477820435 | /diff | None
Sun Dec 25 20:36:16 2022 | Ольга Хлебникова | 477820435 | /diff 56 5 | None
Sun Dec 25 20:36:24 2022 | Ольга Хлебникова | 477820435 | /prod | []
Sun Dec 25 20:36:32 2022 | Ольга Хлебникова | 477820435 | /prod 5 5 | ['5', '5']
Sun Dec 25 20:36:38 2022 | Ольга Хлебникова | 477820435 | /div | []
Sun Dec 25 20:36:53 2022 | Ольга Хлебникова | 477820435 | /div 86 6 | ['86', '6']
Sun Dec 25 20:37:01 2022 | Ольга Хлебникова | 477820435 | /pow | []
Sun Dec 25 20:37:14 2022 | Ольга Хлебникова | 477820435 | /pow 2 3 | ['2', '3']
Sun Dec 25 20:37:21 2022 | Ольга Хлебникова | 477820435 | /sqrt | []
Sun Dec 25 20:37:31 2022 | Ольга Хлебникова | 477820435 | /sqr 25 5 | None
Sun Dec 25 20:37:44 2022 | Ольга Хлебникова | 477820435 | /sqr | None
Sun Dec 25 20:37:47 2022 | Ольга Хлебникова | 477820435 | /sqr | None
Sun Dec 25 20:39:06 2022 | Ольга Хлебникова | 477820435 | /help | []
Sun Dec 25 20:39:12 2022 | Ольга Хлебникова | 477820435 | /diff | None
Sun Dec 25 20:39:18 2022 | Ольга Хлебникова | 477820435 | /sqr | []
Sun Dec 25 20:39:32 2022 | Ольга Хлебникова | 477820435 | /sqr 25 5 | ['25', '5']
Sun Dec 25 20:40:10 2022 | Ольга Хлебникова | 477820435 | /diff | []
Sun Dec 25 20:40:24 2022 | Ольга Хлебникова | 477820435 | /diff 25 6 | ['25', '6']
Sun Dec 25 21:03:14 2022 | Ольга Хлебникова | 477820435 | привет | None
Sun Dec 25 21:03:20 2022 | Ольга Хлебникова | 477820435 | пр | None
Sun Dec 25 21:03:23 2022 | Ольга Хлебникова | 477820435 | /help | []
Sun Dec 25 21:03:24 2022 | Ольга Хлебникова | 477820435 | /game | None
Sun Dec 25 21:05:31 2022 | Ольга Хлебникова | 477820435 | /help | []
Sun Dec 25 21:05:32 2022 | Ольга Хлебникова | 477820435 | /game | None
Sun Dec 25 21:05:36 2022 | Ольга Хлебникова | 477820435 | /help | []
Sun Dec 25 21:05:37 2022 | Ольга Хлебникова | 477820435 | /game | None
